3D,
3DSMax,
A,
AAA,
ACM Siggraph,
ADAS,
AIpowered,
API,
APIUpdateSanta,
APIs,
APPLY,
ASPICEApplicants,
ATI,
ATX,
AWS,
Ability,
Able,
About,
Accelerated,
Access,
Accomplish,
Accomplished,
Accumulated,
Achieve,
Achieved,
Achievement,
Acquired,
Act,
Acted,
Acted/Functioned,
Action,
ActionScript,
Actively,
Adapt,
Adapted,
Address,
Addressed,
Administrator,
Advanced,
Advised,
Aesthetic,
After Effects,
Age,
AgenciesOur,
Aggressively,
Agile,
Ahieved,
Aid,
All,
Allocated,
Amazon,
Amazoncom,
Amazons,
Ambitious,
Amended,
Analysis,
Analytics,
Analyzed,
Andrew,
Android,
Angeles,
Angular,
Animation,
Anticipated,
Apache,
Applicants,
Applications,
Applied,
Apply,
Appointed,
Appraised,
Aptly,
Architect,
Architectural,
Architecture,
Are,
AreaEngineering,
Arranged,
Art,
Artist,
Asians,
Assembled,
Assembly,
Assigned,
Assist,
Assisted,
Astutely,
At,
Attain,
Attained,
Austin,
Author,
Authored,
AutoCAD,
Automation,
Automation Tools,
Automotive,
Autonomous,
Avid,
Azure,
BS,
BSCS,
BSMS,
Bachelors,
Backbone,
Balanced,
Ban,
Bargained,
Base,
Bash,
Be,
Beach,
Beautiful,
Because,
Big Data,
Bit,
BlackDropboxers,
Blender,
Blender Game Engine,
Blueprint,
Blueprints,
Bolster,
Bonus,
Boujou,
Box,
Budgeted,
Build,
Building,
Built,
Business Solutions,
But,
Bytecode,
C,
C#,
C++,
CA,
CAFulltime,
CANDIDATES,
CC,
CCENT,
CCNA,
CES,
CG,
CISA,
COVID,
CS,
CSI,
CSS,
CSS3,
CV,
Calculated,
California,
Canary,
Candidly,
Capable,
Capably,
Career,
Careers,
Carefully,
Catalogued,
Catered,
CeleryKafkaWhats,
Certifications,
Certified,
Chaired,
Chance,
Changed,
Charted,
Cheerfully,
Cinema4D,
Cisco,
CiscoCCNA,
Cisconetworking,
City,
Cityengine,
Clarified,
Classified,
Clearly,
Cleverly,
Clicking,
Client,
Cloud,
CloudFormation,
Coached,
CodeBuild,
CodeCommit,
CodeDeploy,
CodePipeline,
Codec,
Coding,
Collaborate,
Collaborating,
Collected,
Color Science,
Combustion,
Come,
Commercial,
Committed,
Communicated,
CompTIA,
Company,
CompanyQualcomm,
Competent,
Competently,
Competitive,
Compiled,
Completed,
Complex,
Composed,
Comprehensive,
Compression,
Computed,
Computer,
Computer Science,
Concept Art,
Concept Development,
Conceptualized,
Conduct,
Conducted,
Confident,
Connect,
Consistently,
Consolidated,
Constructed,
Construction,
Consult,
Consulted,
Consulting,
Consumer,
Contained,
Contracted,
Contributed,
Controlled,
Cool,
Cooperative,
Coordinated,
Core,
Corrected,
Corresponded,
Counseled,
Create,
Created,
Creatively,
Credible,
Credit,
Criminal,
Critiqued,
CroixSo,
CryEngineUnreal,
Cryengine,
Crypto,
Cryptography,
Cultured,
Cycles,
D,
DHCP,
DNS,
DS,
DSPs,
DVD Studio Pro,
Data,
Data Architecture,
Data Modeling,
Databases,
Day,
Daydream,
Deadline,
Dealt with,
Debian,
Debug,
Debugged,
Debugging,
Decided,
Decidedly,
Decision,
Decisive,
Decreased,
Dedicated,
Defined,
Del,
Delegated,
Deliver,
Delivered,
Demonstrated,
Dental,
Dependably,
DescriptionDropbox,
DescriptionOur,
DescriptionThank,
Design,
Designated,
Designed,
DetailsIs,
Determined,
Develop,
Developed,
Developer,
Development,
Devised,
Devoted,
Diagnosed,
Diego,
Diligent,
DirectX,
Directed,
Directhire,
Directly,
Discreet,
Displacement,
Displayed,
Distinguished,
Diversified,
Diversity,
Django,
Do,
Docker,
Docker Compose,
DockerWhats,
Documented,
Dog,
Doing,
DoingDevelop,
Drafted,
Dramatized,
Drive,
Driving,
Dropbox,
Dropboxers,
Dublin,
Due,
E3 Expo,
EAGER,
EC,
EC2,
ECR,
ECS,
ECommerce,
ECommerceIf,
EFS,
EKS,
ERwin,
EVerify,
Earned,
Easy,
Eclipse,
Ecommerce,
Educated,
Effectively,
Efficient,
Efficiently,
Electronics,
Embedded,
Embodies,
Employer,
EmployerAll,
Employment,
Empowerment,
Enable,
Encore,
Encourage,
Endless,
Energetic,
Engage,
Engine,
EnginePipeline,
Engineer,
Engineering,
EngineeringJob,
Engineers,
Enhance,
Ensuring,
Enthusiasm,
Enthusiastic,
Enthusiastically,
Environment,
Equal,
Evaluate,
Examined,
Excel,
Excellent,
Exclusive,
Execute,
Executive,
Exhibit,
Experience,
Experienced,
Experimentation,
Expert,
Expertise,
Experts,
ExpressJS,
Extensive,
FBLearner,
FPS,
FPSWe,
FULL,
Facilitate,
Fair,
Fairly,
Faithfully,
Fbx,
Federal,
FileMaker,
Film,
FilmMaster,
Final Cut 7,
Financial,
Flame,
Flash,
Flashbased,
Flexible,
Flexibly,
Flow,
Fluency,
Fluent,
Food,
For,
Forecasted,
Formulate,
Found,
Founded,
Fragment,
Frameworks,
Francisco,
Free,
Friendly,
Frontend,
Fulfill,
Fulfilled,
Full,
Full Life Cycle,
Full stack,
Fullstack,
Fully,
Fun,
Functional,
Functions,
Fusion,
G,
GDC,
GPUs,
GTC,
Gained,
Game,
Game Design,
Game Dev,
Game Developer,
Gameplay,
Games,
Gaming,
Gathered,
Gatos,
Gave,
GearVR,
Generated,
Generous,
Geometry,
Git,
Give,
Gladly,
Global,
Go,
God,
Golang,
Google,
Grammarly,
Grammarlys,
Graphic,
Graphics,
Gregariously,
Group,
Grow,
Growth,
Gruber,
Gs,
Guide,
HScript,
HTC,
HTML,
HTML5,
HTTP,
HUGE,
HW,
HWSW,
Hadoop,
Handle,
Happily,
Has,
Have,
Headed,
Help,
Helpful,
Hibernate,
High,
Hiring,
Histories,
Honestly,
Honorable,
Hosted,
Houdini,
I,
IAM,
ID,
IDE,
IDEs,
IOS,
ISO,
ISPs,
ISVs,
IT,
IT Management,
ITDESCRIPTIONOperations,
Identified,
Identifying,
If,
Illustrator,
Imaginatively,
Impact,
Impartial,
Impartially,
Implement,
Implemented,
Improved,
Improvised,
In,
Inc,
IncJob,
IncludeYou,
Increased/Decreased,
Independently,
Industrious,
Influenced,
Information,
Infrastructure,
Ingeniously,
Initiative,
Innovative,
Instinctive,
Instinctively,
Integrated,
Intel,
Interacting,
Interest,
Interface,
Internet,
Invention,
Inventively,
Ireland,
Is,
It,
JBoss,
JDBC,
JG,
JMS,
JPA,
JS,
JSON,
Java,
Java Messenger Service,
JavaScript,
JavaScriptNice,
JavaYou,
Javascript,
Job,
JobID,
Jobot,
Join,
Justifiably,
K,
Kick-Start,
Kind,
Knowledge,
Knowledgeable,
Kubernetes,
LA,
LAMP,
LGBTQ,
LLCJob,
Language,
Languages,
Latinx,
Launch,
Launched,
Lead,
Leader,
Learning,
Level Streaming,
LevelAssociateIndustry,
LevelEntry,
LevelMidSenior,
Liaise,
Licensing,
LightWave,
Lighting,
Linux,
Liquid Planner,
Litigator,
LiveCycle,
Load Runner,
Lobbied,
Located,
Logistics,
Los,
Lumberyard,
MATLAB,
MDL,
MEL,
MIPI,
ML,
MMO,
MMOThis,
MS,
Machine,
Machine Learning,
Maintained,
Maintaining,
Manage,
Managed,
Management,
Managers,
Managing,
Manufacture,
Mari,
Marina,
Market,
Marketed,
Masters,
Material Definition Language,
Materials,
Math,
Max,
Maximized,
Maya,
Mediated,
Medical,
Meet,
Mel,
Members,
Mentor,
Mentored,
Meticulous,
Michelangelo,
Microsoft,
Mile,
Minikube,
Minimum,
Mint,
Mistika,
Mobile,
Model,
Modeler,
Modeling,
Modernized,
MongoDB,
Monica,
More,
Motion Controllers,
Motion Tracking,
Motivated,
Moving,
Much,
Must,
MySQL,
NAB Show,
NLP,
NN,
NOT,
NOWTop,
Natural,
Naturally,
Navigate,
Need,
Negotiate,
Negotiated,
Negotiator,
Netflix,
Network,
Neutrally,
NguyenAre,
Nintendo,
NoSQL,
Node,
Node.js,
Nodejs,
Nuke,
Nvidia,
OEM,
OEMTier,
OEMs,
OEMsTier,
ONLY,
ONWe,
OOD,
OOP,
OOPOOD,
ORM,
OSI,
Object Oriented,
Objective C,
Objectively,
Objectives,
Objects,
Observed,
Obtained,
Oculus,
Of,
OfferAmazon,
One,
Open,
Open-mindedly,
OpenCL,
OpenCV,
OpenGL,
Openly,
Operate,
Operated,
Operational,
Operations,
Opportunities,
Opportunity,
OpsTech,
OptelloApplicants,
Optellocom,
Orator,
Ordinance,
OrdinanceSeniority,
Oregon,
Organizations,
Organize,
Organized,
Oriented,
Originally,
Originated,
Other,
Our,
Overcome,
Overhauled,
Oversaw,
OverviewQualcomm,
PC,
PERL,
PHP,
PLUS,
PS,
PS4,
PSVR,
PTO,
Paper,
Participated,
Particle,
Particles,
Partner,
Passionate,
Passionately,
Pawn,
Perform,
Performed,
Perks,
PerksJob,
PermanentLocation,
PfTrack,
PhD,
Photogrammetry,
Photoshop,
Physics,
Pioneered,
Pixel,
Planned,
Plans,
Player Controller,
Playstation,
Please,
Position,
PostgreSQLWork,
Powerpoint,
Premier,
Prepared,
Presented,
Previous,
Pridebox,
Pro Tools,
Procedural,
Procedures,
Process,
Processing,
Produce,
Product,
Production,
Productive,
Professional,
Professionally,
Proficiency,
Proficiently,
Profile,
Profit,
Programmer,
Programming,
Programs,
Project,
Project Management,
Promoted,
Proven,
Provide,
Provided,
Published,
Punctual,
Pursued,
PyQt,
PyQt4,
PySide,
PyTorch,
Pyside,
Python,
Python2,
Python3,
QA,
QNX,
Qt,
Qualcomm,
Qualcomms,
Qualifications,
Quantified,
Quantify,
Question,
Queues,
REACT,
READ,
REMOTE,
REMOTEUpdateLos,
REST,
RESTful,
ROS,
RTOSs,
RabbitMQ,
Raise,
Ranked,
RaspberryPi,
Reach,
React,
Read,
RealFlow,
Reason,
Reasons,
Received,
Receptive,
Recommendations,
Recommended,
Recruiter,
Recruiting,
Redesigned,
Redhat,
Redis,
Reengineered,
Regularly,
Reimbursement,
Relational,
Reliably,
Rendering,
Reorganized,
Represented,
Rescued,
Research,
Resilience,
Resiliently,
Resourcefully,
Responsible,
Restructure,
Restructured,
Results-driven,
Resume,
Revised,
ReyTop,
Rigging,
Right,
Role,
RoleAs,
Route53,
S,
S3,
SDKs,
SDLC,
SEO,
SOPsWhat,
SQL,
SQLMySQL,
SQLSo,
SSL,
STEM,
SW,
SaaS,
Safeguarded,
SageMaker,
San,
Santa,
Scalable,
Schedules,
Science,
Scientific,
Scrum,
Secure,
Secured,
Security,
Selected,
Selective,
Self-assured,
Semiconductors,
Senior,
Seniority,
Server Administration,
Serviceowning,
Services,
Shaders,
Shake,
Shall,
Shotgun,
Shrewd,
Siggraph,
Significant,
Simulation,
Site,
Skills,
Small,
Smart Sheets,
Snacks,
SoftImage,
Software,
Software as a Service,
Soliciting,
Solid,
Solutions,
Solve,
Some,
Sony,
Sound,
Spearheaded,
Specialist,
Specified,
Speedtree,
Sr,
Stability,
Stack,
Staffing,
Standardized,
StartUp,
Stateless,
StateoftheArt,
States,
Steam,
Storefront,
Straightforwardly,
Strategic,
Strategies,
Streaming,
Streamline,
Streamlined,
Strengthened,
Strong,
Structured,
Struts,
Studio,
Subversion,
Succeed,
Successful,
Succinct,
Suggested,
Superseded,
Supervised,
Support,
Switchboards,
Sybase,
Syntheyes,
System Development Life Cycle,
Systems,
TCPIP,
TODAYApplicants,
TV,
Tableau,
Talented,
Targeted,
Taught,
Teach,
Team,
TeamOrientedWhats,
Technical,
Technologies,
TechnologiesLOCAL,
Technology,
TensorFlow,
Terraform,
Tested,
Texas,
Textures,
The,
Theyre,
Thinapp,
Thinstall,
This,
Tiers,
Title,
Titles,
To,
ToLooking,
Together,
Tools,
Tough,
Trained,
Transcended,
Transform,
Transformerbased,
Traveling,
Trends,
Trustworthy,
Truthfully,
TypeFulltimeJob,
UE4,
UI,
UML,
UNIX Administration,
US,
USAdditional,
USCyberCoders,
USOptello,
USPreferred,
Ubuntu,
Unbiased,
Under budget,
Understands,
Unfailingly,
Unified,
Unified Modeling Language,
Unite,
United,
Unity,
Unreal,
UnrealEngine,
Upgraded,
Us,
UsBased,
UsWe,
Use,
Utilize,
Utilized,
VBA,
VC,
VFX,
VPC,
VRLA,
VacationPTO,
Validated,
Valued,
Veillon,
Verilog,
Veteran,
Vets,
Video,
Video Games,
Video Switchboards,
Vigorous,
Vision,
Visual Studio,
Visualize,
Vive,
Volunteer,
Vue,
VueJS,
Vulkan,
WarAs,
We,
Weave,
Web,
Wellfunded,
Wellness,
Will,
Windows,
Wireless,
Wisdom,
Wise,
With,
Women,
Word,
Work,
Working,
World,
Write,
Writer,
Writing,
Wrote,
XCode,
XSI,
Xbox,
Years,
Yield,
You,
Youll,
Your,
Zbrush,
Zoox,
a,
ability,
able,
about,
accelerate,
accelerated,
accelerating,
acceleration,
accelerators,
accept,
accepting,
accessible,
accommodation,
accommodations,
accomplish,
accomplishments,
accordance,
accuracy,
achieve,
across,
actively,
adapt,
adaptable,
adding,
administration,
admission,
advanced,
afraid,
age,
agencies,
agency,
algebra,
algebraWhats,
algorithm,
algorithms,
algorithmskernels,
alias,
align,
all,
allespecially,
allies,
allow,
alone,
aloneLos,
aloneYou,
along,
alongside,
already,
also,
alsoCaroline,
alsoJohn,
always,
am,
amazing,
ambiguity,
ambitious,
amounts,
ample,
an,
analysis,
analysts,
analytical,
ancestry,
and,
andor,
any,
anytime,
anywhere,
applicants,
application,
applicationWork,
applicationhiring,
applications,
applicationsUIs,
applicationsWhat,
apply,
applyAt,
applyPreferred,
appreciate,
approaches,
approaching,
appropriate,
apps,
appsExperience,
architects,
architectural,
architecture,
architectures,
are,
area,
areas,
arent,
argue,
around,
array,
art,
articulate,
artists,
as,
asset,
assistance,
assistant,
assurance,
at,
authoring,
authorized,
automation,
automotive,
autonomous,
autonomy,
availability,
available,
averages,
avoid,
awardwining,
awardwinning,
aware,
backend,
background,
backgrounds,
backing,
balance,
base,
based,
basis,
be,
beautiful,
because,
become,
before,
beginning,
begins,
being,
below,
benefit,
benefits,
best,
better,
between,
big,
billion,
billions,
blog,
boardsupport,
both,
bottlenecks,
boundaries,
brand,
breakthroughs,
bright,
bringup,
broad,
budgets,
bugs,
build,
buildWorking,
building,
buildings,
builds,
built,
business,
but,
button,
buttonSeniority,
by,
cabling,
call,
camera,
can,
candidate,
candidates,
candidatesApplicants,
cannabis,
capable,
capacity,
care,
career,
careers,
category,
catered,
celebrate,
center,
central,
certification,
certifications,
certificationsPreferred,
challenge,
challenges,
challenging,
chance,
change,
changes,
chaos,
characteristic,
choices,
chops,
citizenship,
class,
classificationIndustry,
clean,
clear,
click,
clicking,
client,
clients,
clientserver,
closely,
cloud,
coaching,
code,
codeYou,
codebases,
coding,
cohesive,
collaborate,
collaborating,
collaboration,
collaborative,
colleagues,
color,
come,
comfortable,
commercials,
commitments,
commitmentsThe,
committed,
common,
communicate,
communication,
communicationWe,
community,
companies,
company,
companys,
compensation,
compensationk,
competitive,
complete,
completion,
complex,
complexity,
compliance,
components,
comprehensive,
computational,
compute,
computer,
computing,
conception,
concepts,
concurrent,
confidence,
configuration,
connect,
connected,
connections,
connectivity,
consider,
consideration,
considered,
consideredCaroline,
consideredJohn,
consistent,
constantly,
constituencies,
consulting,
consumer,
contacting,
content,
continue,
continues,
continuing,
continuous,
continuously,
contribute,
contributed,
core,
countless,
countries,
country,
course,
coverage,
covered,
create,
created,
creating,
creativity,
creators,
criminal,
criteria,
critical,
cross,
crossdepartmental,
crossorganizationally,
culture,
cultures,
customer,
customers,
customization,
cutting,
daily,
data,
dataExperience,
dataSupport,
database,
datadriven,
datasets,
day,
debt,
debugging,
dedicated,
deep,
deeply,
define,
defined,
degree,
delighting,
deliver,
delivering,
delivery,
deliverysuperior,
demand,
demonstrating,
dental,
deploy,
deployment,
design,
designed,
designers,
designing,
designs,
desirable,
desire,
desired,
determine,
develop,
developers,
developing,
development,
developmentApply,
deviate,
device,
devs,
differences,
different,
differing,
digital,
diploma,
direct,
direction,
directly,
directors,
disabilities,
disability,
disagreementsYou,
disciplines,
discounts,
discriminate,
display,
disruptive,
distributed,
distributors,
diverse,
diversity,
diversityTo,
do,
document,
documentaries,
does,
doing,
domains,
done,
dont,
double,
down,
drive,
driver,
drivers,
driving,
during,
eager,
early,
earlystage,
easier,
ecommerce,
ecommercedelivery,
ecosystem,
ecosystemOur,
edge,
editing,
effectively,
effects,
efficient,
effort,
efforts,
eg,
either,
eligibility,
email,
embedded,
embrace,
empathetic,
emphasis,
employees,
employer,
employment,
empower,
empowers,
enabling,
encodedecode,
encourage,
end,
engaged,
engagements,
engine,
engineer,
engineering,
engineers,
engineersExperience,
engineersWhat,
engineersYou,
enhancements,
enjoy,
enjoying,
enlightened,
enormous,
enrich,
ensure,
enterprise,
entertainment,
environment,
environmentThe,
environmentTo,
environments,
equal,
equity,
equivalent,
established,
etc,
etcCommunicate,
etcPreferred,
etcWe,
etcWhat,
ethical,
ethos,
even,
events,
ever,
everchanging,
every,
everyone,
everything,
evolution,
evolving,
exabytes,
examples,
excel,
excellent,
exceptional,
excited,
exciting,
existing,
expand,
expanding,
expected,
expectedMinimum,
expenseSo,
experience,
experienced,
experiences,
experiment,
experimentation,
experiments,
expert,
expertise,
experts,
explain,
expression,
extend,
extending,
extends,
extensions,
extremely,
face,
facilities,
facility,
facing,
family,
fast,
faster,
fastgrowing,
fastmoving,
faulttolerant,
feature,
features,
federal,
feedback,
feel,
fees,
field,
files,
films,
final,
find,
finds,
first,
fit,
five,
fix,
flexibility,
flexible,
flow,
focus,
focused,
focusing,
following,
for,
form,
formative,
forward,
fostering,
found,
framework,
frameworks,
freedom,
friends,
from,
front,
frontend,
full,
fullstack,
fully,
functional,
functionally,
funded,
further,
future,
game,
games,
gamesYoure,
gaming,
gender,
generalist,
generation,
generationwere,
genetic,
genres,
genuinely,
geographical,
get,
getting,
give,
gives,
global,
go,
goal,
goals,
going,
got,
grad,
graphics,
grasp,
great,
gritty,
groups,
grow,
growing,
grown,
growth,
growthSony,
guide,
gym,
had,
handinhand,
handle,
handling,
handson,
hardware,
has,
have,
headquartered,
health,
healthcare,
hear,
hearing,
heart,
help,
helps,
here,
high,
highdimensional,
higher,
highly,
highquality,
hire,
hireCyberCoders,
hireOptello,
hireSeniority,
hired,
hiring,
hiringrecruitingtraining,
histories,
history,
hold,
holidays,
hosted,
hour,
hours,
how,
httpswwwamazonjobsendisabilityusCompany,
humans,
humble,
hundreds,
hurdles,
ideally,
identities,
identity,
if,
imaging,
impact,
impactRole,
impactThe,
implement,
implementationsWhat,
implementing,
important,
improve,
improvement,
improvements,
in,
inQualcomm,
include,
includes,
including,
inclusive,
incoming,
increased,
incredible,
independent,
independently,
individual,
individuals,
industries,
industry,
industryWhat,
inefficiencies,
information,
infotainment,
infrastructure,
infrastructurerelated,
inhouse,
initiative,
initiativeResponsibilities,
initiatives,
innovate,
innovative,
insights,
installation,
instill,
insurance,
integrate,
interactions,
interest,
interested,
interesting,
interfacing,
intern,
internal,
internetconnected,
interviewing,
into,
intuitive,
inventive,
inventors,
investors,
involving,
is,
issues,
it,
itGrammarlys,
iteration,
iterative,
its,
jeans,
job,
jobs,
join,
joining,
junior,
just,
k,
kPosted,
keep,
keeping,
kernels,
kind,
knowledge,
known,
language,
languages,
large,
largescale,
lasting,
latest,
launching,
law,
lawYour,
lbs,
lead,
leader,
leaders,
leadershipSo,
leadershipWhat,
leading,
leadingedge,
leads,
learn,
learnedYou,
learning,
learningoriented,
least,
leave,
legally,
less,
lessons,
level,
levelIndustry,
levels,
leveraging,
lifecycle,
like,
limited,
limits,
line,
linear,
lines,
linguists,
linkedin,
liquidation,
listed,
live,
lives,
load,
local,
location,
locations,
long,
longterm,
look,
looking,
lots,
love,
lowlevel,
lunches,
machine,
made,
maintain,
maintainable,
make,
makeStudy,
makes,
making,
manage,
management,
managers,
manifest,
manner,
marital,
mark,
massive,
massively,
match,
matched,
matching,
math,
mathematics,
matters,
may,
meaningful,
meaningfully,
medical,
meet,
members,
membership,
memberships,
memory,
mental,
mentor,
mentoring,
messaging,
metadata,
methods,
metrics,
mil,
million,
millions,
mind,
minds,
mindset,
mission,
mistakes,
mobile,
models,
modelsIn,
modern,
modular,
monitor,
monitoringWere,
more,
moreSo,
moreWe,
moreWhat,
morejunior,
most,
motivate,
motivated,
much,
multifunctional,
multiple,
multiuser,
must,
national,
near,
necessary,
need,
needed,
needs,
neon,
network,
networked,
networking,
never,
new,
next,
nextgen,
no,
nonstop,
not,
now,
nowWhat,
number,
of,
off,
offer,
offered,
offering,
offers,
office,
offices,
on,
onWe,
one,
only,
onsite,
open,
opening,
operating,
operational,
operations,
opinions,
opportunities,
opportunity,
opportunityGrammarly,
opportunityWhy,
optimize,
optimized,
or,
orchestration,
organizationsto,
orientation,
origin,
other,
others,
our,
oursWhat,
out,
outfitResponsibilities,
outings,
outside,
outstanding,
over,
overall,
own,
ownership,
owning,
paced,
package,
packages,
page,
paid,
pandemic,
parental,
part,
participant,
participate,
particles,
parties,
partner,
partnered,
partners,
partnership,
passion,
passionate,
pause,
pay,
people,
perfect,
performance,
performanceRequirements,
performant,
permanent,
personally,
persons,
perspectives,
petabytes,
phases,
physical,
physics,
picture,
pictureTo,
piece,
pipeline,
pipelines,
place,
planning,
plans,
platform,
platformIf,
platformand,
platforms,
platformsCreate,
play,
please,
plus,
plusWhats,
point,
poker,
policies,
policy,
popular,
portable,
position,
positionTop,
possibilities,
possible,
potential,
power,
practice,
practices,
pragmatic,
prefer,
preferred,
pregnancy,
prelaunch,
pretrained,
prices,
primarily,
prior,
priority,
problems,
procedures,
process,
processes,
processing,
produce,
product,
productQualifications,
production,
productionWrite,
products,
professional,
professionally,
proficiency,
profiles,
program,
programSeniority,
programmers,
programming,
programs,
project,
projects,
propose,
proposed,
proprietary,
protected,
proud,
provide,
provides,
providesupport,
providing,
publisher,
pushing,
puzzle,
qualified,
quality,
quickly,
race,
range,
rapid,
rapidly,
rate,
reaching,
read,
readingBacked,
realityYou,
realizable,
realize,
realtime,
reasonable,
receive,
receiving,
recognizable,
recreation,
recruiting,
reduce,
reference,
reflect,
regard,
registered,
regular,
related,
relationships,
relationshipsYou,
relaxed,
relevant,
religion,
relocate,
relocating,
relocation,
rely,
remain,
remarkable,
remove,
rendering,
repair,
reported,
represented,
request,
requests,
require,
required,
requiredWe,
requirements,
research,
researchers,
resilience,
resolve,
resonate,
respond,
responsible,
result,
results,
resume,
resumeSalary,
resumes,
resumesapplicationsEEO,
retail,
reusable,
revenue,
revered,
reviewing,
revolutionize,
revolutionizing,
rich,
risk,
risks,
robotics,
robust,
role,
roleResponsibilities,
roles,
roll,
rolling,
room,
rootcauses,
routine,
run,
runtime,
safely,
safety,
salary,
scalable,
scale,
scaleWhat,
scaling,
scenarios,
schedule,
school,
science,
scientists,
screen,
scripted,
seamless,
secure,
see,
seedstage,
seek,
seeking,
selfmotivated,
selfmotivation,
sending,
serializerdeserializer,
series,
serve,
server,
serves,
service,
services,
set,
sets,
sex,
sexual,
shaderslighting,
shape,
shifts,
should,
shoutResponsibilities,
side,
sides,
simple,
simplify,
simulation,
simulator,
simulatorsTop,
since,
site,
sites,
situationDropbox,
skills,
skillsPreferred,
sleek,
sleeves,
small,
smart,
snacksLa,
sneakers,
so,
socialize,
society,
software,
solutions,
solutionsBuild,
solve,
solving,
some,
someone,
sometimes,
source,
space,
spaceSo,
spacesWork,
sparse,
speak,
specialized,
specifications,
speed,
spend,
spent,
spirit,
spoken,
sponsored,
sports,
sprintsWhat,
stability,
stack,
staff,
stage,
stages,
stakeInterested,
stakeholders,
stale,
standard,
standing,
started,
starting,
startup,
state,
status,
stay,
staying,
steakholders,
still,
stipends,
story,
straightforward,
strategy,
streaming,
streams,
strengths,
strive,
strong,
structures,
studio,
studios,
subject,
submissions,
submit,
subscriber,
succeed,
success,
successful,
successfully,
such,
sufficient,
suite,
suits,
sunny,
superior,
supervisionAmazon,
support,
supported,
supporting,
supports,
sure,
syncing,
system,
systemThis,
systems,
systemsYou,
take,
takes,
talent,
talented,
talks,
task,
team,
teamRole,
teamThis,
teams,
teamsYou,
teamspecific,
teamwide,
tech,
technical,
techniques,
techniquesNice,
technologies,
technologiesYou,
technology,
telecommute,
telemetry,
tempered,
tens,
term,
terms,
testable,
than,
thank,
that,
the,
their,
them,
themAbout,
then,
there,
theres,
these,
they,
things,
this,
those,
thought,
thoughtfully,
thousands,
thrive,
through,
throughout,
tier,
ties,
time,
timeBasic,
timely,
title,
titles,
to,
todayApplicants,
todayEmail,
todayThis,
todayWhat,
todays,
together,
togetherBenefits,
togetherExperience,
tollfree,
ton,
tons,
toolchains,
tooling,
tools,
toolsExperience,
top,
topicsDropbox,
toptitles,
total,
tracking,
tradeoffs,
traditional,
traditionally,
training,
trajectory,
transform,
translate,
travel,
troubleshoot,
troubleshooting,
trust,
tshirts,
turn,
typical,
uncover,
underrepresented,
understand,
understanding,
understood,
uniformed,
unique,
unlocked,
unparalleled,
unsolicited,
up,
upon,
uptodate,
us,
use,
used,
user,
userfacing,
users,
uses,
ushering,
using,
utilizing,
vacation,
value,
valued,
values,
valuesdriven,
valuesis,
variety,
various,
verbal,
verification,
verify,
very,
vest,
veteran,
video,
vision,
visionRequirements,
visit,
vital,
vulnerabilities,
wait,
walking,
want,
wants,
watch,
watching,
way,
ways,
we,
wear,
web,
webmobile,
website,
wed,
week,
weeks,
welcoming,
well,
welltested,
were,
wet,
weve,
what,
when,
whenever,
where,
wherever,
whether,
which,
who,
whos,
whose,
wide,
will,
wireless,
with,
without,
work,
worked,
workflows,
workforce,
working,
worklife,
workplace,
workspace,
world,
worldTeam,
worldchanging,
worlds,
worldwide,
would,
write,
writing,
written,
x86,
year,
years,
you,
youWe,
youll,
your,
youre,
youve,
yrs,
